[
  {
    "date": "Aug 17, 2020",
    "deliveryAddress": "27 Division St, ew York, NY 10002, US.  St, New York, NY 10002, USA",
    "amount": "618.80",
    "status": {
      "onWay": true
    },
    "orderItems": [
      {
        "name": "Foundation Beshop",
        "price": "125.95"
      },
      {
        "name": "Hair mask with oat extract",
        "price": "401.90"
      },
      {
        "name": "Spray balm with oat extract",
        "price": "60.95"
      }
    ]
  },
  {
    "date": "APril 22, 2020",
    "deliveryAddress": "27 Division St, ew York, NY 10002, US.  St, New York, NY 10002, USA",
    "amount": "700.80",
    "status": {
      "delivered": true
    },
    "orderItems": [
      {
        "name": "Foundation Beshop",
        "price": "125.95"
      },
      {
        "name": "Hair mask with oat extract",
        "price": "401.90"
      },
      {
        "name": "Spray balm with oat extract",
        "price": "60.95"
      }
    ]
  },
  {
    "date": "jun 10, 2020",
    "deliveryAddress": "27 Division St, ew York, NY 10002, US.  St, New York, NY 10002, USA",
    "amount": "618.80",
    "status": {
      "onWay": true
    },
    "orderItems": [
      {
        "name": "Foundation Beshop",
        "price": "125.95"
      },
      {
        "name": "Hair mask with oat extract",
        "price": "401.90"
      },
      {
        "name": "Spray balm with oat extract",
        "price": "60.95"
      }
    ]
  },
  {
    "date": "Aug 26, 2020",
    "deliveryAddress": "27 Division St, ew York, NY 10002, US.  St, New York, NY 10002, USA",
    "amount": "88.80",
    "status": {
      "delivered": true
    },
    "orderItems": [
      {
        "name": "Foundation Beshop",
        "price": "125.95"
      },
      {
        "name": "Hair mask with oat extract",
        "price": "401.90"
      },
      {
        "name": "Spray balm with oat extract",
        "price": "60.95"
      }
    ]
  },
  {
    "date": "Aug 12, 2020",
    "deliveryAddress": "27 Division St, ew York, NY 10002, US.  St, New York, NY 10002, USA",
    "amount": "234.80",
    "status": {
      "delivered": true
    },
    "orderItems": [
      {
        "name": "Foundation Beshop",
        "price": "125.95"
      },
      {
        "name": "Hair mask with oat extract",
        "price": "401.90"
      },
      {
        "name": "Spray balm with oat extract",
        "price": "60.95"
      }
    ]
  }
]
