[
  {
    "title": "How long does it take for home delivery?",
    "content": "Velit sit et dolore consequat ex elit ea. Proident duis nostrud id id. In sint commodo sint adipisicing ullamco magna voluptate voluptate nostrud reprehenderit magna veniam in. Consectetur exercitation proident aliqua duis nulla labore. Culpa proident qui ullamco id velit. Est anim est non qui veniam adipisicing non adipisicing deserunt incididunt laborum do esse do.Amet ipsum quis ipsum proident est elit proident qui in. Nulla mollit nostrud consectetur eiusmod occaecat incididunt excepteur occaecat velit. Non ipsum nostrud dolore est ut irure tempor ea velit id sit. Laboris Lorem ipsum et reprehenderit mollit ex aute officia sint et. Occaecat est occaecat commodo ea sunt pariatur.",
    "id": "1"
  },
  {
    "title": "How are new products developed?",
    "content": "Velit sit et dolore consequat ex elit ea. Proident duis nostrud id id. In sint commodo sint adipisicing ullamco magna voluptate voluptate nostrud reprehenderit magna veniam in. Consectetur exercitation proident aliqua duis nulla labore. Culpa proident qui ullamco id velit. Est anim est non qui veniam adipisicing non adipisicing deserunt incididunt laborum do esse do.Amet ipsum quis ipsum proident est elit proident qui in. Nulla mollit nostrud consectetur eiusmod occaecat incididunt excepteur occaecat velit. Non ipsum nostrud dolore est ut irure tempor ea velit id sit. Laboris Lorem ipsum et reprehenderit mollit ex aute officia sint et. Occaecat est occaecat commodo ea sunt pariatur.",
    "id": "2"
  },
  {
    "title": "Should I read labels?",
    "content": "Velit sit et dolore consequat ex elit ea. Proident duis nostrud id id. In sint commodo sint adipisicing ullamco magna voluptate voluptate nostrud reprehenderit magna veniam in. Consectetur exercitation proident aliqua duis nulla labore. Culpa proident qui ullamco id velit. Est anim est non qui veniam adipisicing non adipisicing deserunt incididunt laborum do esse do.Amet ipsum quis ipsum proident est elit proident qui in. Nulla mollit nostrud consectetur eiusmod occaecat incididunt excepteur occaecat velit. Non ipsum nostrud dolore est ut irure tempor ea velit id sit. Laboris Lorem ipsum et reprehenderit mollit ex aute officia sint et. Occaecat est occaecat commodo ea sunt pariatur.",
    "id": "3"
  },
  {
    "title": "How do anti-wrinkle treatments work?",
    "content": "Velit sit et dolore consequat ex elit ea. Proident duis nostrud id id. In sint commodo sint adipisicing ullamco magna voluptate voluptate nostrud reprehenderit magna veniam in. Consectetur exercitation proident aliqua duis nulla labore. Culpa proident qui ullamco id velit. Est anim est non qui veniam adipisicing non adipisicing deserunt incididunt laborum do esse do.Amet ipsum quis ipsum proident est elit proident qui in. Nulla mollit nostrud consectetur eiusmod occaecat incididunt excepteur occaecat velit. Non ipsum nostrud dolore est ut irure tempor ea velit id sit. Laboris Lorem ipsum et reprehenderit mollit ex aute officia sint et. Occaecat est occaecat commodo ea sunt pariatur.",
    "id": "4"
  },
  {
    "title": "Why are animal fats in cosmetics?",
    "content": "Velit sit et dolore consequat ex elit ea. Proident duis nostrud id id. In sint commodo sint adipisicing ullamco magna voluptate voluptate nostrud reprehenderit magna veniam in. Consectetur exercitation proident aliqua duis nulla labore. Culpa proident qui ullamco id velit. Est anim est non qui veniam adipisicing non adipisicing deserunt incididunt laborum do esse do.Amet ipsum quis ipsum proident est elit proident qui in. Nulla mollit nostrud consectetur eiusmod occaecat incididunt excepteur occaecat velit. Non ipsum nostrud dolore est ut irure tempor ea velit id sit. Laboris Lorem ipsum et reprehenderit mollit ex aute officia sint et. Occaecat est occaecat commodo ea sunt pariatur.",
    "id": "5"
  },
  {
    "title": "What are Smart Proteins?",
    "content": "Velit sit et dolore consequat ex elit ea. Proident duis nostrud id id. In sint commodo sint adipisicing ullamco magna voluptate voluptate nostrud reprehenderit magna veniam in. Consectetur exercitation proident aliqua duis nulla labore. Culpa proident qui ullamco id velit. Est anim est non qui veniam adipisicing non adipisicing deserunt incididunt laborum do esse do.Amet ipsum quis ipsum proident est elit proident qui in. Nulla mollit nostrud consectetur eiusmod occaecat incididunt excepteur occaecat velit. Non ipsum nostrud dolore est ut irure tempor ea velit id sit. Laboris Lorem ipsum et reprehenderit mollit ex aute officia sint et. Occaecat est occaecat commodo ea sunt pariatur.",
    "id": "6"
  },
  {
    "title": "What is the difference between pharmacy cosmetics and mass-market?",
    "content": "Velit sit et dolore consequat ex elit ea. Proident duis nostrud id id. In sint commodo sint adipisicing ullamco magna voluptate voluptate nostrud reprehenderit magna veniam in. Consectetur exercitation proident aliqua duis nulla labore. Culpa proident qui ullamco id velit. Est anim est non qui veniam adipisicing non adipisicing deserunt incididunt laborum do esse do.Amet ipsum quis ipsum proident est elit proident qui in. Nulla mollit nostrud consectetur eiusmod occaecat incididunt excepteur occaecat velit. Non ipsum nostrud dolore est ut irure tempor ea velit id sit. Laboris Lorem ipsum et reprehenderit mollit ex aute officia sint et. Occaecat est occaecat commodo ea sunt pariatur.",
    "id": "7"
  },
  {
    "title": "Should I pay attention to the number of components?",
    "content": "Velit sit et dolore consequat ex elit ea. Proident duis nostrud id id. In sint commodo sint adipisicing ullamco magna voluptate voluptate nostrud reprehenderit magna veniam in. Consectetur exercitation proident aliqua duis nulla labore. Culpa proident qui ullamco id velit. Est anim est non qui veniam adipisicing non adipisicing deserunt incididunt laborum do esse do.Amet ipsum quis ipsum proident est elit proident qui in. Nulla mollit nostrud consectetur eiusmod occaecat incididunt excepteur occaecat velit. Non ipsum nostrud dolore est ut irure tempor ea velit id sit. Laboris Lorem ipsum et reprehenderit mollit ex aute officia sint et. Occaecat est occaecat commodo ea sunt pariatur.",
    "id": "8"
  },
  {
    "title": "Is it true that there is no cosmetics without preservatives?",
    "content": "Velit sit et dolore consequat ex elit ea. Proident duis nostrud id id. In sint commodo sint adipisicing ullamco magna voluptate voluptate nostrud reprehenderit magna veniam in. Consectetur exercitation proident aliqua duis nulla labore. Culpa proident qui ullamco id velit. Est anim est non qui veniam adipisicing non adipisicing deserunt incididunt laborum do esse do.Amet ipsum quis ipsum proident est elit proident qui in. Nulla mollit nostrud consectetur eiusmod occaecat incididunt excepteur occaecat velit. Non ipsum nostrud dolore est ut irure tempor ea velit id sit. Laboris Lorem ipsum et reprehenderit mollit ex aute officia sint et. Occaecat est occaecat commodo ea sunt pariatur.",
    "id": "9"
  }
]
